{
    "cars": [
        {
            "productID": 1,
            "type": "Sedan",
            "brand": "Toyota",
            "carModel": "Camry 2013",
            "image": "https:\/\/res2.grays.com\/handlers\/imagehandler.ashx?t=sh&id=32403167&s=fl&index=0&ts=637638473890000000",
            "mileage": "10000",
            "fuelType": "petrol",
            "seats": 5,
            "quantity": 0,
            "pricePerDay": 120,
            "description": "A reliable and spacious Sedan perfect for family trips.",
            "availability": "Yes"
        },
        {
            "productID": 2,
            "type": "SUV",
            "brand": "Ford",
            "carModel": "Explorer 2015",
            "image": "https:\/\/media.carsandbids.com\/cdn-cgi\/image\/width=2080,quality=70\/da4b9237bacccdf19c0760cab7aec4a8359010b0\/photos\/IyQMUTvhngP2.HgtU_jGYc.jpg?t=161586234053",
            "mileage": "5000",
            "fuelType": "diesel",
            "seats": 7,
            "quantity": 1,
            "pricePerDay": 150,
            "description": "Powerful SUV with ample space and advanced safety features.",
            "availability": "No"
        },
        {
            "productID": 3,
            "type": "Sports",
            "brand": "Ferrari",
            "carModel": "488 Spider",
            "image": "https:\/\/cdn.ferrari.com\/cms\/network\/media\/img\/resize\/5ea97f712df9b2389d9c5506-11_ferrari-212_inter_vignale_coup_488_spider_esterni?width=750&height=550",
            "mileage": "1500",
            "fuelType": "petrol",
            "seats": 2,
            "quantity": 1,
            "pricePerDay": 700,
            "description": "Experience thrilling drives with top-down excitement.",
            "availability": "Yes"
        },
        {
            "productID": 4,
            "type": "Hatchback",
            "brand": "Volkswagen",
            "carModel": "Golf R 2018",
            "image": "https:\/\/thumbs.dreamstime.com\/b\/south-tangerang-indonesia-february-seventh-generation-volkswagen-golf-gti-volkswagen-golf-gti-mk-elite-showcase-271910850.jpg",
            "mileage": "6500",
            "fuelType": "petrol",
            "seats": 5,
            "quantity": 1,
            "pricePerDay": 100,
            "description": "A dynamic and sporty Hatchback with advanced features.",
            "availability": "Yes"
        },
        {
            "productID": 5,
            "type": "Coupe",
            "brand": "Audi",
            "carModel": "A5 2020",
            "image": "https:\/\/cdn.motor1.com\/images\/mgl\/lZO4g\/s1\/2020-audi-a5-sportback-s-line-facelift-shot-by-auditography.jpg",
            "mileage": "2000",
            "fuelType": "petrol",
            "seats": 4,
            "quantity": 1,
            "pricePerDay": 180,
            "description": "Stylish Coupe with a sleek design and powerful performance.",
            "availability": "Yes"
        },
        {
            "productID": 6,
            "type": "Sedan",
            "brand": "BMW",
            "carModel": "3 Series 2019",
            "image": "https:\/\/images.carexpert.com.au\/resize\/3000\/-\/app\/uploads\/2020\/04\/04-BMW-330i-3-Series05803.jpg",
            "mileage": "3000",
            "fuelType": "petrol",
            "seats": 5,
            "quantity": 1,
            "pricePerDay": 160,
            "description": "A perfect blend of luxury and sportiness.",
            "availability": "No"
        },
        {
            "productID": 7,
            "type": "Exotic",
            "brand": "Lamborghini",
            "carModel": "Huracan 2021",
            "image": "https:\/\/ruotedasogno-live.fra1.cdn.digitaloceanspaces.com\/catalog\/product\/cache\/5\/small_image\/1920x1280\/e9c3970ab036de70892d86c6d221abfe\/h\/u\/huracan-78.jpg",
            "mileage": "800",
            "fuelType": "petrol",
            "seats": 2,
            "quantity": 0,
            "pricePerDay": 1200,
            "description": "Unmatched performance and Italian craftsmanship for the ultimate ride.",
            "availability": "Yes"
        },
        {
            "productID": 8,
            "type": "Sports",
            "brand": "Porsche",
            "carModel": "911 Turbo 2022",
            "image": "https:\/\/encrypted-tbn0.gstatic.com\/images?q=tbn:ANd9GcSrrAPYcjMifU--5nKQWTUfOuavh1xfNPTQjBoIm5LftA&s",
            "mileage": "1000",
            "fuelType": "petrol",
            "seats": 4,
            "quantity": 1,
            "pricePerDay": 900,
            "description": "Iconic Sports car with cutting-edge technology.",
            "availability": "Yes"
        },
        {
            "productID": 9,
            "type": "Minivan",
            "brand": "Honda",
            "carModel": "Odyssey 2020",
            "image": "https:\/\/cdn.motor1.com\/images\/mgl\/KbmNll\/s1\/2023-honda-odyssey-jdm.webp",
            "mileage": "7500",
            "fuelType": "petrol",
            "seats": 8,
            "quantity": 1,
            "pricePerDay": 130,
            "description": "Spacious and comfortable, ideal for large families or groups.",
            "availability": "Yes"
        },
        {
            "productID": 10,
            "type": "Convertible",
            "brand": "Chevrolet",
            "carModel": "Camaro 2019",
            "image": "https:\/\/carsguide-res.cloudinary.com\/image\/upload\/f_auto,fl_lossy,q_auto,t_cg_hero_large\/v1\/editorial\/2019-Chevrolet-Camaro-Coupe-Red-JC-1200x800p-2.JPG",
            "mileage": "2500",
            "fuelType": "petrol",
            "seats": 4,
            "quantity": 1,
            "pricePerDay": 220,
            "description": "A stylish Convertible that offers fun and freedom on the road.",
            "availability": "No"
        },
        {
            "productID": 11,
            "type": "Sedan",
            "brand": "Hyundai",
            "carModel": "Sonata 2021",
            "image": "https:\/\/images.carexpert.com.au\/app\/uploads\/2020\/09\/2021-Hyundai-Sonata-N-Line-Large-42954-2021SonataNLine.jpg",
            "mileage": "11000",
            "fuelType": "petrol",
            "seats": 5,
            "quantity": 1,
            "pricePerDay": 110,
            "description": "Efficient and reliable, a great choice for everyday use.",
            "availability": "Yes"
        },
        {
            "productID": 12,
            "type": "SUV",
            "brand": "Jeep",
            "carModel": "Wrangler 2022",
            "image": "https:\/\/carsguide-res.cloudinary.com\/image\/upload\/f_auto,fl_lossy,q_auto,t_default\/v1\/editorial\/2021-Jeep-Wrangler-Unlimited-Overland-Black-SUV-1001x565.jpg",
            "mileage": "4500",
            "fuelType": "petrol",
            "seats": 5,
            "quantity": 1,
            "pricePerDay": 200,
            "description": "Rugged and ready for adventure, perfect for off-road trips.",
            "availability": "Yes"
        },
        {
            "productID": 13,
            "type": "Sports",
            "brand": "McLaren",
            "carModel": "570S 2019",
            "image": "https:\/\/myavidgolfer.com\/wp-content\/uploads\/2019\/02\/McLaren-Doors-Up.jpg",
            "mileage": "2000",
            "fuelType": "petrol",
            "seats": 2,
            "quantity": 1,
            "pricePerDay": 800,
            "description": "A supercar that blends performance with luxury.",
            "availability": "No"
        },
        {
            "productID": 14,
            "type": "Hatchback",
            "brand": "Mini",
            "carModel": "Cooper 2018",
            "image": "https:\/\/assets.whichcar.com.au\/image\/upload\/s--0upHkef9--\/c_fill,f_auto,q_auto:good\/t_p_16x9\/v1\/archive\/whichcar\/2018\/09\/27\/-1\/mini-cooper-qtr.jpg",
            "mileage": "30000",
            "fuelType": "petrol",
            "seats": 4,
            "quantity": 1,
            "pricePerDay": 90,
            "description": "Compact and fun, this small car is big on style and performance.",
            "availability": "Yes"
        },
        {
            "productID": 15,
            "type": "Exotic",
            "brand": "Bugatti",
            "carModel": "Chiron 2021",
            "image": "https:\/\/encrypted-tbn0.gstatic.com\/images?q=tbn:ANd9GcSGWKuYal9iSxuv__XAUxK0G3zgqClzV99yA4Jezpo0Sw&s",
            "mileage": "1500",
            "fuelType": "petrol",
            "seats": 2,
            "quantity": 1,
            "pricePerDay": 3000,
            "description": "One of the fastest and most luxurious cars in the world.",
            "availability": "Yes"
        },
        {
            "productID": 16,
            "type": "Convertible",
            "brand": "Mercedes-Benz",
            "carModel": "SLC 300 2019",
            "image": "https:\/\/www.topgear.com\/sites\/default\/files\/images\/cars-road-test\/2016\/05\/7c494f48b818a792ce57889e2b69e296\/15c1193_005.jpg",
            "mileage": "4000",
            "fuelType": "petrol",
            "seats": 2,
            "quantity": 1,
            "pricePerDay": 250,
            "description": "Luxury and performance packaged in a sleek Convertible.",
            "availability": "Yes"
        },
        {
            "productID": 17,
            "type": "Sports",
            "brand": "Nissan",
            "carModel": "GT-R 2020",
            "image": "https:\/\/www.cnet.com\/a\/img\/resize\/f07e44020235099732eba52dbcaa279bbc3daf49\/hub\/2019\/11\/07\/bcea50a7-3cb5-4ffa-88df-bba9a473df43\/ogi1-2020-nissan-gtr-nismo-021.jpg?auto=webp&fit=crop&height=900&width=1200",
            "mileage": "5000",
            "fuelType": "petrol",
            "seats": 4,
            "quantity": 1,
            "pricePerDay": 600,
            "description": "A Sports car with superb performance and advanced technology.",
            "availability": "No"
        },
        {
            "productID": 18,
            "type": "SUV",
            "brand": "Subaru",
            "carModel": "Forester 2021",
            "image": "https:\/\/images.carexpert.com.au\/resize\/3000\/-\/app\/uploads\/2021\/06\/2021-Subaru-Forester-2.5i-S-5.jpg",
            "mileage": "7000",
            "fuelType": "petrol",
            "seats": 5,
            "quantity": 1,
            "pricePerDay": 130,
            "description": "Robust and reliable, ideal for both city and off-road driving.",
            "availability": "Yes"
        },
        {
            "productID": 19,
            "type": "Minivan",
            "brand": "Chrysler",
            "carModel": "Pacifica 2022",
            "image": "https:\/\/assets.newatlas.com\/dims4\/default\/73e79f5\/2147483647\/strip\/true\/crop\/6000x4000+0+0\/resize\/2880x1920!\/quality\/90\/?url=http%3A%2F%2Fnewatlas-brightspot.s3.amazonaws.com%2F31%2F55%2F9e265293453fb96e240e3b19b7e5%2F2022-chrysler-pacifica-3.JPG",
            "mileage": "3000",
            "fuelType": "hybrid",
            "seats": 8,
            "quantity": 1,
            "pricePerDay": 140,
            "description": "Spacious and fuel-efficient, perfect for family trips.",
            "availability": "Yes"
        },
        {
            "productID": 20,
            "type": "Hatchback",
            "brand": "Toyota",
            "carModel": "Prius 2020",
            "image": "https:\/\/imageio.forbes.com\/specials-images\/imageserve\/5e822277281468000685ffb7\/2020-Toyota-Prius-XLE-AWD-e\/960x0.jpg?height=474&width=711&fit=bounds",
            "mileage": "12000",
            "fuelType": "hybrid",
            "seats": 5,
            "quantity": 1,
            "pricePerDay": 95,
            "description": "Eco-friendly and economical, great for everyday commuting.",
            "availability": "No"
        },
        {
            "productID": 21,
            "type": "Sedan",
            "brand": "Honda",
            "carModel": "Accord 2022",
            "image": "https:\/\/images.carexpert.com.au\/app\/uploads\/2021\/12\/211105_Honda-Accord_HERO.jpg",
            "mileage": "9000",
            "fuelType": "petrol",
            "seats": 5,
            "quantity": 1,
            "pricePerDay": 115,
            "description": "Comfortable and reliable, a stellar choice for any driver.",
            "availability": "Yes"
        },
        {
            "productID": 22,
            "type": "Exotic",
            "brand": "Aston Martin",
            "carModel": "DB11 2020",
            "image": "https:\/\/media.drive.com.au\/obj\/tx_rs:fit:1920:1080,q:50,w:1920\/caradvice\/private\/bdff3766385110b2d14929d81b3e0639",
            "mileage": "3500",
            "fuelType": "petrol",
            "seats": 4,
            "quantity": 1,
            "pricePerDay": 850,
            "description": "Blend of classic style and modern technology for an exclusive driving experience.",
            "availability": "Yes"
        },
        {
            "productID": 23,
            "type": "SUV",
            "brand": "Land Rover",
            "carModel": "Range Rover Evoque 2019",
            "image": "https:\/\/media.autoexpress.co.uk\/image\/private\/s--X-WVjvBW--\/f_auto,t_content-image-full-desktop@1\/v1562247420\/autoexpress\/2019\/03\/_1308532.jpg",
            "mileage": "15000",
            "fuelType": "diesel",
            "seats": 5,
            "quantity": 1,
            "pricePerDay": 180,
            "description": "Luxurious and versatile, capable of handling any terrain.",
            "availability": "No"
        },
        {
            "productID": 24,
            "type": "Sports",
            "brand": "Chevrolet",
            "carModel": "Corvette 2021",
            "image": "https:\/\/cdn.motor1.com\/images\/mgl\/OOEoX\/s3\/2020-chevrolet-corvette-first-drive.jpg",
            "mileage": "2000",
            "fuelType": "petrol",
            "seats": 2,
            "quantity": 1,
            "pricePerDay": 300,
            "description": "Iconic American Sports car with exceptional performance.",
            "availability": "Yes"
        },
        {
            "productID": 25,
            "type": "Convertible",
            "brand": "BMW",
            "carModel": "Z4 2022",
            "image": "https:\/\/hips.hearstapps.com\/hmg-prod\/images\/2020-bmw-z4-m40i-105-1568895913.jpg?crop=0.606xw:0.683xh;0.170xw,0.252xh&resize=768:*",
            "mileage": "1000",
            "fuelType": "petrol",
            "seats": 2,
            "quantity": 1,
            "pricePerDay": 200,
            "description": "Dynamic driving pleasure in an elegant Convertible form.",
            "availability": "Yes"
        },
        {
            "productID": 26,
            "type": "Coupe",
            "brand": "Lexus",
            "carModel": "RC 2021",
            "image": "https:\/\/file.kelleybluebookimages.com\/kbb\/base\/house\/2021\/2021-Lexus-RC-FrontSide_LERC2101_640x480.jpg",
            "mileage": "3000",
            "fuelType": "petrol",
            "seats": 4,
            "quantity": 1,
            "pricePerDay": 170,
            "description": "A stylish Coupe with advanced safety and comfort features.",
            "availability": "No"
        },
        {
            "productID": 27,
            "type": "Sports",
            "brand": "Audi",
            "carModel": "R8 2022",
            "image": "https:\/\/www.topgear.com\/sites\/default\/files\/cars-car\/image\/2022\/02\/1-Audi-R8-Spyder.jpg?w=1280&h=720",
            "mileage": "1200",
            "fuelType": "petrol",
            "seats": 2,
            "quantity": 1,
            "pricePerDay": 1000,
            "description": "Audi's ultimate Sports car with exceptional performance and handling.",
            "availability": "Yes"
        },
        {
            "productID": 28,
            "type": "Hatchback",
            "brand": "Ford",
            "carModel": "Focus RS 2018",
            "image": "https:\/\/editorial.pxcrush.net\/carsales\/general\/editorial\/ford-focus-rs-le-084.jpg?width=1024&height=682",
            "mileage": "20000",
            "fuelType": "petrol",
            "seats": 5,
            "quantity": 1,
            "pricePerDay": 120,
            "description": "Hot hatch with outstanding agility and all-wheel drive.",
            "availability": "Yes"
        },
        {
            "productID": 29,
            "type": "SUV",
            "brand": "Tesla",
            "carModel": "Model X 2021",
            "image": "https:\/\/carsguide-res.cloudinary.com\/image\/upload\/f_auto,fl_lossy,q_auto,t_default\/v1\/editorial\/2021-Tesla-Model-X-Performance-SUV-blue-1001x565-1.jpg",
            "mileage": "2500",
            "fuelType": "electric",
            "seats": 7,
            "quantity": 1,
            "pricePerDay": 250,
            "description": "Futuristic and fast, with cutting-edge technology.",
            "availability": "No"
        },
        {
            "productID": 30,
            "type": "Sedan",
            "brand": "Volvo",
            "carModel": "S90 2022",
            "image": "https:\/\/encrypted-tbn0.gstatic.com\/images?q=tbn:ANd9GcQPAYyOBgnd2pDPOtt-L31-Fi2FEoTltMxGeUiUdqobMA&s",
            "mileage": "5000",
            "fuelType": "hybrid",
            "seats": 5,
            "quantity": 1,
            "pricePerDay": 200,
            "description": "Combining luxury and safety with Scandinavian design.",
            "availability": "Yes"
        },
        {
            "productID": 31,
            "type": "Convertible",
            "brand": "Mazda",
            "carModel": "MX-5 Miata 2021",
            "image": "https:\/\/upload.wikimedia.org\/wikipedia\/commons\/9\/95\/Mazda_Roadster_%28MX-5%29_by_Negawa_Bridge_%28cropped%29.jpg",
            "mileage": "7000",
            "fuelType": "petrol",
            "seats": 2,
            "quantity": 1,
            "pricePerDay": 90,
            "description": "Affordable, fun, and the quintessential roadster.",
            "availability": "Yes"
        },
        {
            "productID": 32,
            "type": "Exotic",
            "brand": "Maserati",
            "carModel": "GranTurismo 2020",
            "image": "https:\/\/cdn.motor1.com\/images\/mgl\/nOKEG\/s1\/2022-maserati-granturismo-unofficial-renderings.jpg",
            "mileage": "2500",
            "fuelType": "petrol",
            "seats": 4,
            "quantity": 1,
            "pricePerDay": 950,
            "description": "A true Italian grand tourer combining luxury and performance.",
            "availability": "No"
        },
        {
            "productID": 33,
            "type": "SUV",
            "brand": "Kia",
            "carModel": "Sorento 2022",
            "image": "https:\/\/carsguide-res.cloudinary.com\/image\/upload\/f_auto,fl_lossy,q_auto,t_default\/v1\/editorial\/kia-sorento-gt-line-phev-my22-tw-1001x565-(13).jpg",
            "mileage": "15000",
            "fuelType": "diesel",
            "seats": 7,
            "quantity": 1,
            "pricePerDay": 140,
            "description": "Spacious and dependable SUV for family and travel.",
            "availability": "Yes"
        },
        {
            "productID": 34,
            "type": "Sports",
            "brand": "Jaguar",
            "carModel": "F-Type 2021",
            "image": "https:\/\/upload.wikimedia.org\/wikipedia\/commons\/d\/d5\/2017_Jaguar_F-Type_V6_R-Dynamic_Automatic_3.0_Front.jpg",
            "mileage": "3000",
            "fuelType": "petrol",
            "seats": 2,
            "quantity": 1,
            "pricePerDay": 400,
            "description": "Sleek design and thrilling performance, a true Sports car.",
            "availability": "Yes"
        },
        {
            "productID": 35,
            "type": "Hatchback",
            "brand": "Peugeot",
            "carModel": "208 2022",
            "image": "https:\/\/encrypted-tbn0.gstatic.com\/images?q=tbn:ANd9GcTaKO21BsL4Uww_ZLHZr8IzZxuwwJ8maxakmGZOJkmyaw&s",
            "mileage": "10000",
            "fuelType": "petrol",
            "seats": 5,
            "quantity": 1,
            "pricePerDay": 80,
            "description": "Stylish, efficient, and well-equipped for urban life.",
            "availability": "No"
        }
    ]
}